SaleID,OrderDate,Product,Region,Customer,Quantity,SalesAmount,Cost
1,2023-11-24,Laptop,North,Customer_48,3,63147,40707.22
2,2023-02-22,Keyboard,North,Customer_38,4,28328,17165.62
3,2023-04-22,Phone,North,Customer_36,2,95180,70458.42
4,2023-08-03,Phone,West,Customer_38,3,16275,12234.92
5,2023-03-23,Monitor,East,Customer_18,2,38220,30248.94
6,2023-06-22,Laptop,North,Customer_25,1,28526,21950.72
7,2023-11-06,Tablet,North,Customer_47,4,160568,100349.42
8,2023-07-13,Laptop,East,Customer_41,5,143500,102670.01
9,2023-12-27,Laptop,North,Customer_43,2,47930,38202.33
10,2023-04-30,Laptop,West,Customer_18,4,186640,143119.67
11,2023-03-25,Tablet,East,Customer_14,3,149388,108994.54
12,2023-11-08,Phone,South,Customer_11,4,119468,78130.83
13,2023-11-24,Keyboard,South,Customer_44,3,25995,16787.82
14,2023-01-17,Tablet,West,Customer_18,1,18826,14733.74
15,2023-10-18,Tablet,South,Customer_42,4,123712,96116.38
16,2023-11-26,Monitor,South,Customer_17,2,42324,31700.58
17,2023-10-03,Tablet,West,Customer_38,4,114892,73974.84
18,2023-03-12,Keyboard,West,Customer_6,1,12185,7683.47
19,2023-03-23,Monitor,North,Customer_25,4,176208,140829.71
20,2023-09-28,Tablet,North,Customer_44,1,49676,38596.15
21,2023-05-17,Tablet,North,Customer_19,4,61460,42453.17
22,2023-05-15,Keyboard,South,Customer_33,1,45979,30331.84
23,2023-11-24,Keyboard,South,Customer_10,3,46761,33100.98
24,2023-09-29,Laptop,East,Customer_32,1,12331,9689.94
25,2023-06-07,Phone,North,Customer_16,5,50805,31353.32
26,2023-09-06,Laptop,South,Customer_9,4,164124,103894.66
27,2023-09-28,Keyboard,West,Customer_14,5,90910,67508.84
28,2023-07-24,Tablet,West,Customer_34,4,51720,33596.34
29,2023-02-02,Tablet,North,Customer_38,5,100400,72055.88
30,2023-01-04,Laptop,North,Customer_15,1,7058,5448.26
31,2023-02-06,Keyboard,South,Customer_18,4,76160,53909.61
32,2023-10-20,Keyboard,West,Customer_16,4,126708,80850.09
33,2023-02-19,Monitor,East,Customer_28,4,142424,110060.62
34,2023-01-28,Laptop,North,Customer_26,3,36483,23704.15
35,2023-04-08,Keyboard,West,Customer_9,4,68100,44653.78
36,2023-05-08,Laptop,West,Customer_36,1,8315,6073.52
37,2023-10-04,Laptop,North,Customer_49,2,31798,21663.43
38,2023-09-04,Phone,West,Customer_4,2,59672,35828.92
39,2023-07-19,Tablet,West,Customer_19,4,165688,121345.63
40,2023-09-07,Phone,South,Customer_19,2,17664,12644.53
41,2023-10-05,Laptop,East,Customer_4,1,43284,30097.86
42,2023-09-29,Phone,North,Customer_33,1,17178,10542.21
43,2023-02-04,Phone,West,Customer_8,5,105675,75640.45
44,2023-01-21,Keyboard,North,Customer_27,5,210210,148104.83
45,2023-05-14,Phone,East,Customer_16,3,92814,58117.87
46,2023-11-27,Tablet,West,Customer_21,1,5610,3880.2
47,2023-10-16,Laptop,North,Customer_35,2,76306,49830.88
48,2023-06-28,Laptop,South,Customer_24,3,46014,31640.92
49,2023-10-06,Tablet,North,Customer_43,5,123100,96799.83
50,2023-02-23,Phone,East,Customer_8,1,41256,26036.23
51,2023-05-25,Keyboard,South,Customer_46,3,55026,40581.64
52,2023-05-16,Keyboard,West,Customer_17,1,11048,8030.31
53,2023-05-22,Laptop,North,Customer_22,2,93506,74427.0
54,2023-03-24,Monitor,West,Customer_36,1,12331,7584.17
55,2023-12-20,Phone,North,Customer_24,5,206050,129732.94
56,2023-03-07,Laptop,East,Customer_24,1,28449,18264.69
57,2023-05-08,Laptop,East,Customer_50,5,158160,125700.41
58,2023-03-21,Phone,South,Customer_12,4,26496,16848.07
59,2023-06-20,Monitor,South,Customer_18,2,24168,16349.85
60,2023-01-20,Monitor,South,Customer_13,4,111660,73811.52
61,2023-04-27,Phone,North,Customer_43,2,62226,41420.89
62,2023-02-05,Tablet,East,Customer_42,5,155965,114775.21
63,2023-10-02,Tablet,North,Customer_8,3,50106,35881.81
64,2023-05-16,Laptop,North,Customer_39,4,110616,82487.35
65,2023-06-10,Monitor,North,Customer_25,5,87285,56817.69
66,2023-12-29,Monitor,North,Customer_34,5,244750,156494.87
67,2023-08-09,Laptop,East,Customer_40,3,145425,111919.52
68,2023-06-03,Keyboard,East,Customer_43,4,105504,71793.37
69,2023-06-01,Keyboard,South,Customer_13,4,194304,153125.68
70,2023-12-13,Phone,East,Customer_26,5,25130,16605.28
71,2023-04-18,Monitor,East,Customer_30,4,135908,99909.43
72,2023-09-19,Monitor,South,Customer_43,1,23598,16591.53
73,2023-11-21,Keyboard,East,Customer_6,2,98184,65006.04
74,2023-04-12,Phone,North,Customer_3,2,72276,52201.69
75,2023-02-07,Monitor,West,Customer_41,5,88710,65970.89
76,2023-07-16,Monitor,West,Customer_16,2,95990,70794.98
77,2023-02-24,Monitor,South,Customer_12,5,177220,108111.94
78,2023-05-08,Laptop,West,Customer_9,4,195000,137714.14
79,2023-10-14,Keyboard,East,Customer_49,4,180600,137798.04
80,2023-09-16,Monitor,West,Customer_11,4,137980,89940.65
81,2023-05-07,Tablet,West,Customer_41,2,45992,31641.32
82,2023-05-27,Phone,East,Customer_22,3,121197,74671.35
83,2023-03-19,Phone,West,Customer_45,2,38042,23313.88
84,2023-07-28,Tablet,West,Customer_27,1,18555,14223.86
85,2023-07-19,Keyboard,North,Customer_49,5,149640,104059.05
86,2023-06-30,Tablet,West,Customer_27,5,203955,155000.42
87,2023-04-23,Monitor,South,Customer_18,4,147308,89239.92
88,2023-06-22,Monitor,South,Customer_30,2,91560,64716.87
89,2023-07-21,Keyboard,North,Customer_6,4,55572,42977.73
90,2023-04-04,Laptop,East,Customer_25,3,56613,39116.18
91,2023-06-22,Monitor,East,Customer_49,4,86128,66058.64
92,2023-08-29,Laptop,North,Customer_23,2,95214,58435.09
93,2023-11-30,Laptop,North,Customer_16,2,12670,9176.46
94,2023-05-03,Phone,West,Customer_43,1,41960,33129.58
95,2023-08-27,Tablet,East,Customer_11,5,223980,177559.46
96,2023-02-28,Phone,East,Customer_7,5,33410,26252.82
97,2023-10-22,Monitor,West,Customer_46,2,19960,14339.65
98,2023-11-18,Phone,North,Customer_45,3,149529,107673.19
99,2023-03-03,Keyboard,North,Customer_23,5,165370,121101.16
100,2023-02-05,Keyboard,East,Customer_1,4,148500,92234.5
101,2023-07-05,Monitor,South,Customer_28,2,78386,62167.52
102,2023-05-19,Keyboard,West,Customer_30,4,175312,114597.79
103,2023-05-06,Laptop,East,Customer_29,2,70910,50627.61
104,2023-12-09,Monitor,East,Customer_2,4,105200,66945.91
105,2023-04-19,Tablet,East,Customer_22,3,132207,97864.48
106,2023-05-22,Keyboard,North,Customer_34,2,21220,13756.32
107,2023-07-28,Monitor,South,Customer_45,4,189316,140542.23
108,2023-08-18,Laptop,North,Customer_19,2,63004,46519.47
109,2023-06-06,Keyboard,East,Customer_31,5,198970,133061.48
110,2023-10-09,Tablet,East,Customer_45,4,91016,60191.12
111,2023-04-29,Laptop,South,Customer_21,1,40118,31700.26
112,2023-12-20,Phone,South,Customer_14,4,92480,68889.92
113,2023-09-26,Keyboard,East,Customer_7,2,48828,31518.31
114,2023-04-02,Tablet,North,Customer_46,5,66475,43531.97
115,2023-01-28,Keyboard,East,Customer_45,2,93606,72422.24
116,2023-09-09,Laptop,North,Customer_37,3,107286,74643.47
117,2023-06-24,Phone,North,Customer_17,4,49904,38147.77
118,2023-07-25,Monitor,North,Customer_37,1,14943,9411.69
119,2023-10-16,Tablet,North,Customer_16,1,41573,31299.84
120,2023-11-07,Keyboard,South,Customer_50,5,149640,103267.0
121,2023-08-15,Tablet,West,Customer_20,5,228495,139849.46
122,2023-02-20,Phone,South,Customer_17,1,15292,9908.8
123,2023-10-10,Laptop,South,Customer_1,4,138096,101897.48
124,2023-08-29,Tablet,North,Customer_15,3,70584,52274.33
125,2023-08-21,Laptop,South,Customer_17,5,241655,183846.57
126,2023-04-12,Monitor,North,Customer_35,2,94886,59759.0
127,2023-05-17,Phone,North,Customer_4,2,50318,36179.09
128,2023-10-19,Tablet,West,Customer_8,4,99712,73781.57
129,2023-05-20,Keyboard,West,Customer_29,1,44192,26867.51
130,2023-08-10,Tablet,East,Customer_2,1,20002,15849.23
131,2023-10-22,Keyboard,North,Customer_49,3,128292,78007.48
132,2023-03-31,Monitor,West,Customer_18,2,86720,59591.99
133,2023-09-09,Laptop,West,Customer_23,4,107372,71317.73
134,2023-02-23,Phone,East,Customer_27,4,95552,69993.44
135,2023-07-25,Keyboard,North,Customer_30,1,25612,16660.09
136,2023-03-01,Monitor,North,Customer_43,5,176380,120405.72
137,2023-04-07,Keyboard,East,Customer_40,4,183944,126628.56
138,2023-01-27,Phone,East,Customer_36,2,47752,32835.38
139,2023-12-24,Monitor,North,Customer_2,5,103410,76725.73
140,2023-06-09,Keyboard,North,Customer_36,4,44432,28655.98
141,2023-02-28,Monitor,North,Customer_42,2,75322,59243.06
142,2023-05-30,Keyboard,East,Customer_27,4,143788,93281.92
143,2023-10-10,Phone,West,Customer_13,5,191540,143512.97
144,2023-03-11,Laptop,East,Customer_50,4,109096,85842.15
145,2023-09-17,Tablet,North,Customer_19,3,130395,93360.82
146,2023-12-04,Monitor,South,Customer_29,5,183705,122903.2
147,2023-10-10,Keyboard,West,Customer_30,3,52089,41470.91
148,2023-05-03,Keyboard,West,Customer_15,4,31440,20864.69
149,2023-08-31,Monitor,West,Customer_43,2,74922,59410.52
150,2023-03-06,Keyboard,East,Customer_7,4,46136,32534.66
151,2023-08-22,Laptop,South,Customer_27,2,19806,13743.35
152,2023-05-16,Tablet,West,Customer_42,1,26532,20442.06
153,2023-10-01,Monitor,East,Customer_41,4,161824,98256.27
154,2023-02-05,Phone,East,Customer_15,1,33440,26607.12
155,2023-11-21,Laptop,West,Customer_11,3,20691,12604.92
156,2023-01-29,Tablet,East,Customer_24,4,58160,37736.5
157,2023-07-30,Keyboard,South,Customer_11,2,20350,14690.63
158,2023-07-15,Keyboard,South,Customer_32,5,71895,46475.64
159,2023-11-23,Tablet,West,Customer_17,1,35490,27690.78
160,2023-12-13,Keyboard,South,Customer_5,4,110584,88194.1
161,2023-06-03,Monitor,East,Customer_30,3,54165,43325.21
162,2023-09-05,Laptop,South,Customer_25,5,142620,101967.94
163,2023-12-25,Tablet,North,Customer_43,4,91952,55320.12
164,2023-12-18,Laptop,West,Customer_19,2,89568,68106.29
165,2023-04-23,Phone,East,Customer_44,2,92344,57200.9
166,2023-11-18,Laptop,East,Customer_29,1,42982,28925.69
167,2023-03-09,Laptop,East,Customer_21,4,66040,42276.1
168,2023-10-04,Tablet,East,Customer_11,3,109734,87071.38
169,2023-06-01,Tablet,North,Customer_30,1,14224,10679.81
170,2023-04-26,Monitor,East,Customer_6,4,23648,15439.58
171,2023-03-05,Monitor,East,Customer_44,3,129927,87857.3
172,2023-11-23,Tablet,North,Customer_44,2,71796,43436.93
173,2023-10-15,Tablet,South,Customer_42,1,46641,35669.69
174,2023-12-25,Tablet,West,Customer_8,2,15942,12582.26
175,2023-06-05,Monitor,North,Customer_7,2,80456,50456.6
176,2023-08-21,Tablet,West,Customer_38,2,64378,47059.31
177,2023-09-08,Keyboard,West,Customer_18,1,29283,18842.26
178,2023-08-16,Phone,East,Customer_7,3,122046,95237.28
179,2023-11-27,Tablet,North,Customer_26,3,52317,41520.94
180,2023-08-21,Laptop,South,Customer_42,5,31995,19520.65
181,2023-06-20,Phone,South,Customer_37,2,18992,14547.18
182,2023-10-11,Phone,South,Customer_15,3,44010,33347.64
183,2023-11-02,Laptop,East,Customer_10,2,80806,52534.47
184,2023-03-31,Laptop,North,Customer_9,1,28477,21585.48
185,2023-05-02,Keyboard,East,Customer_2,2,44782,27338.51
186,2023-08-04,Keyboard,North,Customer_48,1,36211,24973.1
187,2023-07-05,Keyboard,North,Customer_29,5,97595,77010.57
188,2023-01-23,Keyboard,East,Customer_30,1,8986,7186.26
189,2023-07-25,Monitor,North,Customer_32,4,39264,30620.16
190,2023-06-14,Keyboard,South,Customer_5,2,46046,33377.06
191,2023-10-27,Keyboard,East,Customer_25,5,198850,131038.08
192,2023-09-16,Keyboard,West,Customer_7,1,47907,34980.89
193,2023-10-10,Phone,West,Customer_29,2,64238,42897.26
194,2023-08-21,Monitor,West,Customer_47,1,25483,17464.85
195,2023-12-07,Tablet,East,Customer_10,4,37596,23243.54
196,2023-02-13,Laptop,West,Customer_7,3,40581,28864.22
197,2023-10-28,Keyboard,East,Customer_43,1,31922,21410.71
198,2023-12-07,Monitor,North,Customer_19,5,127380,85386.54
199,2023-10-23,Keyboard,South,Customer_10,4,78784,60620.74
200,2023-06-29,Keyboard,East,Customer_8,3,127872,82507.08
201,2023-08-08,Keyboard,North,Customer_39,3,20691,13161.2
202,2023-12-26,Tablet,East,Customer_23,1,16888,13070.85
203,2023-10-17,Monitor,North,Customer_10,1,11013,8251.19
204,2023-04-21,Monitor,West,Customer_30,3,45945,30967.42
205,2023-06-16,Keyboard,North,Customer_4,2,30632,23001.18
206,2023-01-26,Laptop,East,Customer_29,4,147312,106273.12
207,2023-08-01,Tablet,South,Customer_49,5,62295,41677.51
208,2023-02-26,Tablet,West,Customer_34,3,23928,15412.11
209,2023-11-03,Laptop,North,Customer_14,3,56529,42592.9
210,2023-05-11,Tablet,East,Customer_8,1,37596,28174.55
211,2023-03-31,Phone,West,Customer_35,2,75570,53786.55
212,2023-12-09,Tablet,North,Customer_26,1,33588,20278.7
213,2023-02-09,Tablet,West,Customer_37,4,187808,128374.05
214,2023-02-28,Monitor,North,Customer_21,2,91018,62986.22
215,2023-12-20,Tablet,North,Customer_28,1,20945,14392.05
216,2023-07-25,Keyboard,North,Customer_26,3,81750,52672.7
217,2023-03-28,Laptop,North,Customer_34,5,88535,69162.17
218,2023-06-28,Tablet,South,Customer_16,1,14597,9505.47
219,2023-03-30,Keyboard,South,Customer_49,1,16609,13125.4
220,2023-11-18,Monitor,West,Customer_49,5,214880,148220.15
221,2023-10-17,Keyboard,East,Customer_41,3,44679,30737.03
222,2023-08-29,Monitor,East,Customer_18,5,43405,29098.21
223,2023-02-07,Tablet,West,Customer_29,1,8728,5880.47
224,2023-05-27,Laptop,North,Customer_40,5,191155,129392.15
225,2023-10-25,Keyboard,North,Customer_29,5,238590,152136.41
226,2023-11-06,Monitor,South,Customer_4,4,47132,35923.7
227,2023-06-25,Laptop,South,Customer_3,2,67376,53779.33
228,2023-09-26,Keyboard,South,Customer_24,3,70617,47841.84
229,2023-06-23,Keyboard,North,Customer_41,3,27957,18617.63
230,2023-10-13,Monitor,East,Customer_17,5,74270,49513.76
231,2023-10-26,Phone,East,Customer_20,4,53800,38682.64
232,2023-02-13,Tablet,West,Customer_42,3,40125,29452.68
233,2023-12-17,Keyboard,North,Customer_42,4,153296,103070.96
234,2023-07-05,Tablet,South,Customer_14,3,110604,70609.71
235,2023-03-12,Phone,North,Customer_19,1,38271,28863.03
236,2023-09-27,Laptop,East,Customer_50,5,67940,48879.38
237,2023-03-20,Phone,South,Customer_45,5,79240,58973.31
238,2023-01-23,Monitor,East,Customer_44,2,68222,49264.41
239,2023-08-18,Phone,South,Customer_20,4,70860,47729.04
240,2023-10-20,Monitor,West,Customer_50,3,90078,63106.97
241,2023-08-03,Phone,South,Customer_39,2,42768,26107.13
242,2023-09-04,Tablet,North,Customer_46,5,65850,43264.28
243,2023-03-24,Tablet,West,Customer_33,2,67340,41639.2
244,2023-04-24,Monitor,East,Customer_2,4,33960,23068.72
245,2023-07-11,Phone,West,Customer_6,3,59145,35820.43
246,2023-02-20,Tablet,South,Customer_9,1,23800,18646.81
247,2023-08-30,Phone,West,Customer_29,5,26720,20872.9
248,2023-01-10,Tablet,South,Customer_10,5,224515,158407.52
249,2023-02-26,Tablet,South,Customer_20,1,8129,5265.05
250,2023-11-24,Keyboard,West,Customer_5,1,37756,27159.7
251,2023-01-09,Keyboard,South,Customer_46,2,48176,33041.4
252,2023-11-11,Tablet,South,Customer_37,4,69100,50641.61
253,2023-02-13,Keyboard,East,Customer_5,5,203280,142593.91
254,2023-09-17,Keyboard,North,Customer_25,4,31412,22840.74
255,2023-07-11,Tablet,North,Customer_23,1,27596,17888.42
256,2023-12-03,Laptop,East,Customer_9,1,28088,19920.09
257,2023-11-26,Phone,West,Customer_45,4,185604,118128.71
258,2023-03-11,Laptop,West,Customer_3,3,54633,33258.45
259,2023-04-13,Laptop,East,Customer_20,5,155490,124053.74
260,2023-10-06,Monitor,East,Customer_3,2,47500,31891.25
261,2023-01-25,Tablet,East,Customer_8,3,100908,78496.06
262,2023-08-14,Monitor,East,Customer_12,4,150420,101303.26
263,2023-09-23,Tablet,North,Customer_47,4,40688,27916.91
264,2023-04-03,Keyboard,East,Customer_21,1,10247,6820.24
265,2023-06-01,Tablet,West,Customer_39,4,63684,46995.8
266,2023-06-29,Monitor,North,Customer_47,3,135882,108655.34
267,2023-05-21,Laptop,North,Customer_43,4,115236,80966.8
268,2023-12-14,Phone,North,Customer_10,5,247195,186944.28
269,2023-01-18,Phone,North,Customer_16,3,86199,58319.73
270,2023-10-18,Laptop,South,Customer_44,4,117244,79069.67
271,2023-02-09,Keyboard,South,Customer_34,3,93255,61816.6
272,2023-05-23,Phone,North,Customer_2,2,75410,53054.63
273,2023-10-15,Laptop,East,Customer_50,3,102738,66051.71
274,2023-11-10,Tablet,West,Customer_13,1,13895,10707.0
275,2023-08-20,Phone,West,Customer_6,3,146301,97946.33
276,2023-02-03,Keyboard,East,Customer_20,2,93584,59408.83
277,2023-07-05,Keyboard,South,Customer_8,2,28202,18256.49
278,2023-09-10,Laptop,East,Customer_36,5,145880,101165.03
279,2023-10-10,Phone,North,Customer_5,3,93279,74615.65
280,2023-09-03,Keyboard,West,Customer_50,4,170704,104940.31
281,2023-06-12,Laptop,West,Customer_30,5,137890,86273.21
282,2023-10-10,Keyboard,South,Customer_50,2,66704,46731.01
283,2023-01-29,Laptop,South,Customer_20,2,31228,20752.01
284,2023-12-30,Phone,East,Customer_34,3,30504,19831.29
285,2023-11-22,Keyboard,East,Customer_9,3,135801,95969.97
286,2023-09-15,Phone,South,Customer_11,5,223290,149051.42
287,2023-10-16,Laptop,North,Customer_6,1,47038,35476.27
288,2023-05-16,Phone,West,Customer_40,1,37639,29275.59
289,2023-10-07,Tablet,East,Customer_31,2,99782,67973.34
290,2023-08-21,Laptop,North,Customer_11,4,128952,89860.23
291,2023-04-15,Tablet,South,Customer_21,3,82902,65913.29
292,2023-03-08,Tablet,North,Customer_21,2,71140,44427.24
293,2023-08-19,Phone,South,Customer_7,1,24019,18952.84
294,2023-11-12,Monitor,South,Customer_11,3,128577,95690.31
295,2023-04-08,Phone,West,Customer_33,4,150744,116949.48
296,2023-09-12,Laptop,North,Customer_26,5,174825,138695.2
297,2023-04-21,Keyboard,East,Customer_4,1,23438,16382.67
298,2023-12-01,Monitor,East,Customer_35,1,12044,8264.42
299,2023-05-16,Tablet,West,Customer_24,1,31252,19070.96
300,2023-10-15,Phone,East,Customer_36,3,29454,19948.3
301,2023-08-19,Keyboard,East,Customer_40,5,63930,40003.09
302,2023-02-19,Monitor,East,Customer_22,5,144800,108743.79
303,2023-04-12,Keyboard,West,Customer_33,1,7969,4843.42
304,2023-06-20,Monitor,West,Customer_10,5,193920,121773.27
305,2023-11-10,Tablet,South,Customer_26,5,123050,88441.56
306,2023-09-17,Keyboard,West,Customer_46,5,123235,85645.68
307,2023-01-09,Tablet,East,Customer_44,1,32298,23149.28
308,2023-12-19,Laptop,West,Customer_17,5,214275,138316.36
309,2023-01-27,Keyboard,West,Customer_11,5,231115,172004.23
310,2023-07-14,Phone,South,Customer_3,5,61010,38933.95
311,2023-08-14,Tablet,West,Customer_10,4,73448,50097.08
312,2023-11-10,Monitor,North,Customer_46,2,77984,50024.27
313,2023-06-16,Monitor,West,Customer_21,2,70248,54963.78
314,2023-06-25,Keyboard,East,Customer_44,3,134943,94033.14
315,2023-05-07,Tablet,East,Customer_15,3,71820,53217.2
316,2023-12-20,Monitor,East,Customer_31,3,125196,98496.71
317,2023-05-21,Tablet,North,Customer_37,5,149415,116417.01
318,2023-07-22,Tablet,South,Customer_19,1,23850,18866.85
319,2023-02-10,Tablet,West,Customer_42,3,109188,70185.76
320,2023-10-03,Tablet,East,Customer_9,1,45349,33929.13
321,2023-05-03,Phone,North,Customer_43,5,98945,71991.29
322,2023-01-27,Laptop,West,Customer_22,4,46356,34129.07
323,2023-03-12,Laptop,South,Customer_27,4,145160,105982.44
324,2023-05-28,Tablet,East,Customer_42,1,10862,7934.25
325,2023-04-29,Keyboard,North,Customer_12,4,66080,51990.72
326,2023-01-19,Monitor,West,Customer_12,3,22365,13460.45
327,2023-10-18,Keyboard,North,Customer_22,3,104328,83234.95
328,2023-10-06,Keyboard,West,Customer_9,5,178360,116748.64
329,2023-02-27,Tablet,South,Customer_47,4,189944,123739.58
330,2023-04-06,Laptop,East,Customer_19,5,245985,184847.04
331,2023-03-31,Keyboard,West,Customer_28,5,132455,81770.77
332,2023-12-09,Laptop,South,Customer_9,4,104828,82516.94
333,2023-01-04,Tablet,West,Customer_16,4,89988,71163.14
334,2023-06-04,Keyboard,North,Customer_17,3,61458,37638.41
335,2023-03-02,Monitor,East,Customer_11,4,199848,139994.34
336,2023-12-27,Tablet,North,Customer_41,3,87261,63083.17
337,2023-04-23,Phone,West,Customer_10,4,178788,120632.73
338,2023-12-26,Keyboard,West,Customer_49,5,242610,185625.93
339,2023-05-07,Keyboard,North,Customer_34,4,158456,117376.79
340,2023-02-09,Keyboard,North,Customer_4,5,190635,122088.63
341,2023-10-02,Phone,South,Customer_21,5,169780,105815.05
342,2023-04-16,Keyboard,West,Customer_6,5,170975,130238.23
343,2023-08-21,Phone,West,Customer_30,5,43915,31256.92
344,2023-12-11,Tablet,North,Customer_26,3,15591,11680.17
345,2023-10-24,Laptop,North,Customer_28,3,27534,19500.48
346,2023-01-31,Laptop,West,Customer_3,3,95385,60664.5
347,2023-03-11,Monitor,East,Customer_25,4,118956,80310.66
348,2023-12-16,Keyboard,South,Customer_42,3,38322,24361.09
349,2023-10-03,Monitor,South,Customer_47,2,10454,7853.42
350,2023-06-02,Monitor,West,Customer_35,4,80204,52092.69
351,2023-06-27,Phone,East,Customer_13,1,7111,5417.84
352,2023-08-03,Keyboard,North,Customer_16,2,18818,11670.53
353,2023-01-18,Monitor,North,Customer_16,1,31362,21570.55
354,2023-10-04,Phone,North,Customer_9,5,119785,77480.81
355,2023-10-22,Tablet,East,Customer_16,3,43164,34407.71
356,2023-09-24,Phone,West,Customer_20,3,26982,19193.47
357,2023-10-30,Phone,West,Customer_36,4,32288,25651.46
358,2023-11-26,Monitor,East,Customer_45,4,127020,80002.72
359,2023-07-12,Phone,West,Customer_16,2,49418,38126.39
360,2023-03-15,Monitor,North,Customer_36,4,129184,91908.91
361,2023-03-10,Monitor,South,Customer_17,2,53288,38865.13
362,2023-08-19,Tablet,North,Customer_35,2,16754,10951.96
363,2023-12-11,Keyboard,North,Customer_5,2,87014,64813.34
364,2023-10-14,Phone,West,Customer_14,3,74607,59044.27
365,2023-01-08,Phone,South,Customer_48,1,36386,28486.17
366,2023-12-23,Keyboard,South,Customer_26,2,82362,54714.97
367,2023-05-25,Monitor,West,Customer_35,3,75636,49338.3
368,2023-09-20,Monitor,West,Customer_7,4,103944,81374.23
369,2023-07-09,Tablet,West,Customer_3,5,97505,72958.16
370,2023-01-09,Tablet,West,Customer_19,2,35714,23784.56
371,2023-07-14,Keyboard,South,Customer_32,5,239500,188891.95
372,2023-06-22,Tablet,West,Customer_47,4,140800,89217.46
373,2023-06-30,Phone,South,Customer_47,5,185010,117816.14
374,2023-10-05,Laptop,North,Customer_5,1,5418,3697.67
375,2023-11-19,Phone,North,Customer_46,2,11198,7208.64
376,2023-08-22,Tablet,North,Customer_40,5,183335,134174.98
377,2023-01-09,Laptop,West,Customer_1,1,39695,29550.49
378,2023-10-02,Tablet,North,Customer_33,4,66992,41629.05
379,2023-02-19,Keyboard,South,Customer_16,2,91234,64346.54
380,2023-07-01,Tablet,West,Customer_6,3,94827,65601.28
381,2023-05-05,Phone,East,Customer_44,1,47843,38194.74
382,2023-11-29,Laptop,North,Customer_26,4,118872,84463.35
383,2023-01-29,Laptop,South,Customer_6,4,133744,97496.89
384,2023-06-19,Keyboard,North,Customer_34,1,20057,12882.28
385,2023-12-21,Keyboard,West,Customer_18,1,9872,7274.54
386,2023-05-24,Keyboard,North,Customer_12,3,18078,14323.09
387,2023-10-28,Phone,West,Customer_5,3,46938,33457.01
388,2023-10-18,Monitor,East,Customer_25,2,20278,14197.82
389,2023-06-27,Laptop,North,Customer_28,2,19962,13336.98
390,2023-11-11,Keyboard,West,Customer_50,3,20823,15134.67
391,2023-08-19,Monitor,South,Customer_23,5,148015,101592.99
392,2023-12-15,Keyboard,West,Customer_6,5,121785,92509.23
393,2023-02-07,Laptop,East,Customer_10,4,186172,117447.61
394,2023-07-19,Tablet,East,Customer_7,1,5340,4211.08
395,2023-08-16,Tablet,East,Customer_7,2,21442,13668.81
396,2023-08-18,Keyboard,West,Customer_7,1,10873,7293.42
397,2023-02-17,Keyboard,East,Customer_25,1,24126,16472.32
398,2023-02-13,Keyboard,South,Customer_37,5,80565,59381.5
399,2023-03-28,Phone,East,Customer_20,3,111951,70438.11
400,2023-03-27,Monitor,East,Customer_27,3,110202,83371.49
401,2023-07-04,Tablet,South,Customer_47,4,175660,127060.81
402,2023-08-23,Laptop,South,Customer_20,1,30932,20614.43
403,2023-11-14,Monitor,East,Customer_29,3,99660,76050.06
404,2023-11-30,Keyboard,South,Customer_20,3,133596,105468.13
405,2023-04-13,Monitor,East,Customer_12,4,103660,68238.3
406,2023-12-22,Monitor,South,Customer_21,4,93476,71350.13
407,2023-07-21,Tablet,North,Customer_37,2,87624,70051.27
408,2023-04-03,Keyboard,North,Customer_47,4,74956,51546.57
409,2023-05-30,Laptop,West,Customer_44,4,56484,41045.07
410,2023-05-04,Tablet,South,Customer_46,4,118824,73052.17
411,2023-11-03,Monitor,West,Customer_35,5,162065,114860.17
412,2023-07-04,Keyboard,North,Customer_7,2,96192,70502.85
413,2023-03-27,Keyboard,North,Customer_37,4,106924,84806.06
414,2023-08-09,Laptop,North,Customer_7,3,58647,41178.13
415,2023-09-23,Keyboard,South,Customer_29,3,91899,63650.41
416,2023-12-14,Keyboard,South,Customer_23,1,36638,22748.9
417,2023-08-01,Laptop,North,Customer_47,2,55656,36865.31
418,2023-08-22,Phone,West,Customer_23,4,45588,31347.82
419,2023-12-23,Monitor,East,Customer_5,3,23784,18124.29
420,2023-02-28,Laptop,East,Customer_42,1,49377,37527.02
421,2023-05-05,Keyboard,South,Customer_36,2,53382,38006.37
422,2023-08-25,Phone,West,Customer_41,2,34430,25068.34
423,2023-08-10,Monitor,North,Customer_48,5,89655,61854.33
424,2023-08-08,Monitor,North,Customer_46,2,36972,24241.39
425,2023-12-27,Laptop,North,Customer_35,2,57944,38544.17
426,2023-08-23,Laptop,East,Customer_43,4,158336,125589.47
427,2023-06-10,Keyboard,West,Customer_40,4,173876,108298.04
428,2023-06-30,Monitor,South,Customer_44,3,135810,97516.15
429,2023-12-11,Phone,East,Customer_8,2,50026,31185.7
430,2023-07-11,Phone,West,Customer_27,5,70175,50172.4
431,2023-08-05,Phone,West,Customer_41,5,236435,185870.77
432,2023-03-30,Keyboard,South,Customer_32,3,42582,27142.61
433,2023-08-19,Keyboard,North,Customer_23,1,36759,23059.18
434,2023-07-16,Keyboard,West,Customer_27,4,128952,95686.06
435,2023-08-16,Monitor,South,Customer_6,5,35110,26654.68
436,2023-04-23,Tablet,North,Customer_18,2,80464,52923.91
437,2023-08-23,Keyboard,West,Customer_36,5,62095,44369.54
438,2023-05-18,Keyboard,East,Customer_35,1,33925,24062.01
439,2023-08-06,Laptop,South,Customer_20,1,34473,22495.81
440,2023-02-14,Monitor,North,Customer_50,2,37508,28586.37
441,2023-10-29,Tablet,West,Customer_11,5,70620,53457.21
442,2023-04-16,Laptop,East,Customer_35,3,132345,93667.66
443,2023-06-15,Tablet,East,Customer_37,3,116136,92571.73
444,2023-12-14,Laptop,South,Customer_49,4,35540,28378.59
445,2023-12-02,Phone,South,Customer_16,2,52216,39981.6
446,2023-12-13,Monitor,West,Customer_10,5,232225,151815.57
447,2023-08-01,Monitor,West,Customer_5,1,31401,22078.76
448,2023-05-23,Tablet,West,Customer_32,3,129417,77714.21
449,2023-02-17,Monitor,East,Customer_5,5,155320,99958.67
450,2023-08-08,Phone,West,Customer_18,3,70755,47232.57
451,2023-10-23,Phone,West,Customer_22,1,8010,4965.52
452,2023-08-24,Laptop,North,Customer_11,4,139672,83822.08
453,2023-08-08,Phone,South,Customer_42,3,46254,35841.52
454,2023-05-21,Laptop,East,Customer_17,1,29369,21524.59
455,2023-11-29,Phone,North,Customer_26,3,61032,41858.56
456,2023-02-16,Laptop,North,Customer_14,4,40428,25329.76
457,2023-04-26,Keyboard,West,Customer_1,1,27516,21006.31
458,2023-08-05,Phone,West,Customer_5,2,60208,37200.49
459,2023-02-22,Laptop,East,Customer_24,3,41958,28386.44
460,2023-03-10,Phone,North,Customer_34,5,27775,20055.32
461,2023-03-26,Monitor,East,Customer_47,2,92322,69209.54
462,2023-07-30,Keyboard,West,Customer_14,1,11584,7274.78
463,2023-03-05,Keyboard,West,Customer_23,4,102444,77674.61
464,2023-05-07,Tablet,North,Customer_16,5,221935,159793.55
465,2023-11-08,Tablet,North,Customer_43,3,55392,38971.03
466,2023-09-18,Phone,West,Customer_19,1,20685,14458.35
467,2023-02-27,Phone,West,Customer_41,5,48265,34058.55
468,2023-01-07,Tablet,East,Customer_9,4,168996,115622.45
469,2023-10-07,Phone,West,Customer_50,1,6093,4371.56
470,2023-01-08,Tablet,South,Customer_3,1,31081,21797.79
471,2023-11-18,Keyboard,West,Customer_28,4,41604,30292.18
472,2023-10-03,Keyboard,South,Customer_18,1,25310,15586.01
473,2023-04-15,Phone,East,Customer_26,5,232845,175249.58
474,2023-11-29,Laptop,East,Customer_45,4,82556,50489.7
475,2023-02-14,Monitor,North,Customer_30,5,224500,137170.79
476,2023-12-08,Phone,North,Customer_1,2,11486,7267.96
477,2023-06-27,Keyboard,East,Customer_11,3,39954,29963.71
478,2023-05-18,Laptop,North,Customer_22,4,91296,64342.76
479,2023-05-15,Keyboard,North,Customer_32,4,153896,103421.93
480,2023-09-13,Keyboard,South,Customer_24,2,43438,32781.17
481,2023-10-21,Laptop,South,Customer_48,5,25840,15731.59
482,2023-01-07,Phone,North,Customer_31,3,90294,70794.59
483,2023-04-02,Laptop,West,Customer_15,3,63810,43598.27
484,2023-06-13,Tablet,North,Customer_37,3,38475,26948.21
485,2023-01-27,Phone,South,Customer_34,1,31275,19196.13
486,2023-08-27,Tablet,East,Customer_21,1,41247,28516.08
487,2023-07-08,Phone,East,Customer_37,3,137430,89125.66
488,2023-07-08,Keyboard,West,Customer_50,2,81638,61399.65
489,2023-05-06,Phone,North,Customer_27,1,20269,14356.72
490,2023-11-22,Laptop,East,Customer_1,4,100612,62458.9
491,2023-09-29,Phone,West,Customer_32,1,14330,10637.6
492,2023-02-17,Laptop,South,Customer_34,4,117644,81373.37
493,2023-02-13,Keyboard,North,Customer_33,2,93520,71448.59
494,2023-02-08,Keyboard,North,Customer_28,2,41034,27014.13
495,2023-06-11,Monitor,East,Customer_21,4,91288,59037.98
496,2023-04-14,Phone,North,Customer_10,1,15772,10881.31
497,2023-06-10,Monitor,North,Customer_35,3,55821,38537.89
498,2023-08-26,Tablet,North,Customer_6,2,99922,66032.75
499,2023-12-27,Keyboard,North,Customer_14,3,44160,27301.59
500,2023-05-08,Tablet,West,Customer_33,1,49379,32578.69
501,2023-03-31,Laptop,West,Customer_29,5,205260,133412.95
502,2023-08-25,Laptop,South,Customer_8,1,9041,6926.08
503,2023-04-24,Phone,South,Customer_26,3,149928,108856.65
504,2023-11-27,Laptop,East,Customer_5,1,9225,5899.85
505,2023-11-27,Monitor,South,Customer_6,3,39087,23785.97
506,2023-08-25,Laptop,South,Customer_37,4,123544,86385.09
507,2023-07-15,Monitor,South,Customer_23,2,34530,22617.02
508,2023-08-17,Phone,North,Customer_40,5,227170,147468.99
509,2023-06-01,Monitor,West,Customer_36,4,35984,22221.71
510,2023-07-16,Phone,West,Customer_13,5,106640,77436.73
511,2023-10-06,Laptop,West,Customer_46,3,109308,77488.83
512,2023-09-06,Tablet,East,Customer_25,3,50352,30473.66
513,2023-11-02,Phone,North,Customer_50,3,26517,20198.82
514,2023-08-30,Keyboard,East,Customer_50,5,101270,80488.99
515,2023-02-21,Phone,South,Customer_18,5,43320,32611.73
516,2023-04-23,Keyboard,West,Customer_23,2,33080,21413.02
517,2023-06-12,Tablet,North,Customer_46,3,126603,90232.65
518,2023-10-16,Phone,West,Customer_35,3,49515,34565.79
519,2023-02-16,Laptop,South,Customer_39,2,12612,8895.11
520,2023-01-01,Tablet,South,Customer_9,3,49890,39101.59
521,2023-06-15,Laptop,North,Customer_10,5,71415,53909.28
522,2023-09-27,Tablet,North,Customer_24,4,173620,107680.24
523,2023-06-04,Tablet,South,Customer_11,4,187576,148585.03
524,2023-11-29,Tablet,South,Customer_46,5,226100,171247.77
525,2023-04-25,Keyboard,South,Customer_25,3,72903,45598.62
526,2023-01-01,Keyboard,West,Customer_50,5,35610,22662.79
527,2023-06-12,Keyboard,South,Customer_41,5,59110,46539.52
528,2023-03-14,Tablet,North,Customer_16,3,77817,49303.1
529,2023-02-15,Tablet,West,Customer_1,3,56223,36539.79
530,2023-02-04,Tablet,East,Customer_7,1,8155,5522.46
531,2023-08-03,Phone,West,Customer_32,4,112072,79482.0
532,2023-02-21,Monitor,South,Customer_11,4,39320,29876.87
533,2023-01-18,Tablet,North,Customer_21,3,35589,21881.54
534,2023-03-29,Monitor,South,Customer_47,1,40851,32205.57
535,2023-02-17,Tablet,West,Customer_46,1,33267,26230.65
536,2023-03-26,Keyboard,West,Customer_11,1,11636,7752.12
537,2023-04-08,Monitor,East,Customer_43,3,73470,47572.53
538,2023-01-26,Monitor,West,Customer_10,1,28647,17210.06
539,2023-02-14,Tablet,West,Customer_13,1,6686,4288.34
540,2023-11-23,Tablet,North,Customer_31,1,25208,19081.83
541,2023-08-30,Monitor,East,Customer_6,5,151980,96807.65
542,2023-07-15,Tablet,South,Customer_29,1,22255,15310.28
543,2023-05-15,Phone,East,Customer_37,1,14904,11184.66
544,2023-12-08,Laptop,North,Customer_43,3,121452,82927.1
545,2023-10-29,Phone,North,Customer_25,5,162175,128625.13
546,2023-12-18,Monitor,South,Customer_31,3,30522,20723.24
547,2023-01-18,Keyboard,South,Customer_8,4,65316,51587.38
548,2023-03-27,Phone,South,Customer_9,1,32746,20160.85
549,2023-12-16,Monitor,South,Customer_41,2,87994,57334.89
550,2023-02-04,Laptop,West,Customer_36,4,164716,109573.26
551,2023-05-22,Keyboard,West,Customer_1,5,217535,153256.11
552,2023-08-03,Laptop,West,Customer_10,2,84264,60466.74
553,2023-02-21,Laptop,North,Customer_19,5,137675,106777.8
554,2023-05-16,Monitor,West,Customer_37,5,180005,109351.8
555,2023-05-22,Monitor,South,Customer_40,5,248085,183268.39
556,2023-01-20,Monitor,East,Customer_45,2,16460,12331.01
557,2023-05-18,Tablet,North,Customer_22,3,76134,49949.18
558,2023-09-09,Laptop,South,Customer_9,3,102117,77078.54
559,2023-06-14,Tablet,West,Customer_39,1,17316,11919.35
560,2023-07-28,Monitor,East,Customer_4,5,77090,47265.68
561,2023-12-30,Keyboard,West,Customer_9,5,211340,128027.58
562,2023-04-09,Phone,North,Customer_16,1,34913,21300.84
563,2023-07-04,Phone,East,Customer_24,4,152412,103546.95
564,2023-03-05,Laptop,South,Customer_24,4,175724,121112.62
565,2023-08-31,Keyboard,East,Customer_23,2,43902,32917.38
566,2023-12-19,Laptop,East,Customer_2,4,33012,20882.78
567,2023-10-20,Phone,South,Customer_42,2,98826,63381.68
568,2023-11-30,Monitor,North,Customer_50,1,36070,28217.67
569,2023-11-28,Phone,North,Customer_15,3,134604,102435.95
570,2023-06-06,Tablet,West,Customer_25,3,105240,68448.07
571,2023-08-27,Tablet,West,Customer_38,1,5481,3849.32
572,2023-12-06,Tablet,East,Customer_20,1,36571,22409.52
573,2023-05-22,Tablet,East,Customer_17,3,52032,32779.42
574,2023-05-04,Laptop,West,Customer_43,3,148842,93470.68
575,2023-01-14,Monitor,East,Customer_17,4,126060,85425.19
576,2023-01-19,Keyboard,South,Customer_22,2,99956,70661.6
577,2023-09-01,Tablet,East,Customer_11,5,84350,55566.14
578,2023-08-30,Phone,East,Customer_47,5,84985,67085.86
579,2023-06-21,Laptop,South,Customer_23,2,50250,34375.75
580,2023-06-19,Tablet,East,Customer_38,3,106179,81783.61
581,2023-08-29,Laptop,North,Customer_31,2,75598,47170.37
582,2023-12-15,Monitor,East,Customer_27,1,14881,9337.43
583,2023-04-13,Tablet,West,Customer_37,4,57544,38167.59
584,2023-04-03,Laptop,West,Customer_22,2,51078,37128.59
585,2023-01-03,Monitor,East,Customer_14,2,85534,64398.27
586,2023-09-08,Laptop,South,Customer_40,4,186064,127617.94
587,2023-08-08,Monitor,West,Customer_1,1,39981,25583.16
588,2023-07-11,Laptop,East,Customer_49,5,87445,52780.34
589,2023-01-03,Phone,South,Customer_45,3,76359,47784.41
590,2023-07-16,Keyboard,East,Customer_11,1,7996,5274.49
591,2023-05-29,Monitor,East,Customer_28,2,54922,43895.19
592,2023-09-08,Tablet,South,Customer_11,4,25012,16149.84
593,2023-03-09,Phone,North,Customer_38,5,80370,50201.71
594,2023-12-31,Laptop,West,Customer_41,3,120132,87050.89
595,2023-11-01,Laptop,North,Customer_42,1,8161,6022.41
596,2023-08-02,Monitor,West,Customer_8,5,107815,74918.41
597,2023-03-20,Phone,North,Customer_20,4,193448,119975.67
598,2023-09-24,Tablet,South,Customer_27,1,38527,28654.58
599,2023-03-02,Tablet,North,Customer_7,4,72072,52021.6
600,2023-05-15,Keyboard,South,Customer_23,4,97424,61579.25
601,2023-10-08,Monitor,South,Customer_45,4,106664,69001.05
602,2023-01-07,Laptop,North,Customer_37,4,59096,46679.29
603,2023-09-19,Laptop,North,Customer_17,2,69866,55734.43
604,2023-06-01,Tablet,West,Customer_4,1,16449,12745.15
605,2023-05-29,Tablet,East,Customer_28,1,11225,8646.05
606,2023-01-24,Laptop,South,Customer_43,2,53078,35642.17
607,2023-08-13,Keyboard,East,Customer_47,1,29420,22447.25
608,2023-04-04,Laptop,West,Customer_26,4,91256,70006.28
609,2023-12-20,Monitor,West,Customer_42,2,24818,15548.53
610,2023-01-31,Phone,North,Customer_27,5,183160,139284.56
611,2023-12-14,Monitor,South,Customer_40,4,114004,82341.86
612,2023-12-17,Phone,West,Customer_32,1,31953,21988.06
613,2023-02-02,Tablet,East,Customer_1,5,213955,159343.99
614,2023-04-25,Tablet,North,Customer_28,2,73166,48959.02
615,2023-12-13,Monitor,South,Customer_36,5,42880,25827.87
616,2023-03-22,Keyboard,West,Customer_32,2,19812,14864.67
617,2023-06-14,Phone,East,Customer_18,1,38222,24635.66
618,2023-11-26,Monitor,West,Customer_16,1,35087,24169.25
619,2023-10-21,Monitor,North,Customer_32,4,102852,64153.05
620,2023-09-12,Laptop,North,Customer_26,4,29392,20910.24
621,2023-01-01,Laptop,East,Customer_33,5,92780,67814.68
622,2023-08-22,Tablet,East,Customer_4,2,69566,46358.4
623,2023-11-14,Keyboard,West,Customer_46,3,103971,64753.62
624,2023-12-04,Phone,North,Customer_22,3,139581,110671.92
625,2023-05-30,Keyboard,East,Customer_45,1,8000,6235.0
626,2023-09-10,Phone,West,Customer_7,3,135096,86351.24
627,2023-03-03,Monitor,South,Customer_30,2,54292,33745.36
628,2023-08-01,Laptop,North,Customer_50,4,139900,102363.62
629,2023-09-16,Phone,West,Customer_1,5,40915,29076.05
630,2023-08-10,Keyboard,West,Customer_33,2,85832,54480.15
631,2023-03-07,Laptop,West,Customer_43,5,223625,173653.57
632,2023-09-16,Monitor,West,Customer_39,2,45860,31165.26
633,2023-06-25,Tablet,West,Customer_9,2,64098,46182.92
634,2023-09-20,Tablet,East,Customer_46,5,232280,149464.87
635,2023-04-18,Keyboard,East,Customer_44,3,147192,92220.84
636,2023-12-30,Phone,East,Customer_46,1,28084,20008.62
637,2023-10-26,Keyboard,West,Customer_44,5,118690,92043.55
638,2023-08-05,Laptop,North,Customer_2,4,58096,35474.17
639,2023-01-29,Phone,East,Customer_49,2,47566,35040.83
640,2023-03-16,Laptop,East,Customer_14,5,35585,23903.74
641,2023-08-20,Laptop,South,Customer_48,5,152430,98701.34
642,2023-12-23,Tablet,North,Customer_25,4,129200,102241.18
643,2023-12-17,Tablet,North,Customer_1,3,54927,39773.32
644,2023-08-15,Phone,East,Customer_49,5,204110,152611.01
645,2023-04-11,Phone,East,Customer_29,2,99476,61167.18
646,2023-03-30,Keyboard,North,Customer_25,1,33082,21695.92
647,2023-05-16,Phone,South,Customer_38,3,16107,10729.07
648,2023-12-30,Phone,North,Customer_10,3,132351,80756.75
649,2023-11-17,Keyboard,East,Customer_32,5,205275,137866.2
650,2023-12-29,Tablet,South,Customer_12,5,47340,35848.29
651,2023-03-23,Monitor,West,Customer_6,3,58488,45426.42
652,2023-12-06,Tablet,East,Customer_24,3,57948,45782.49
653,2023-11-13,Keyboard,West,Customer_36,1,12518,9185.55
654,2023-08-17,Phone,South,Customer_3,3,89979,70470.34
655,2023-02-28,Monitor,East,Customer_35,3,19857,15533.48
656,2023-07-11,Keyboard,West,Customer_32,1,24427,19044.66
657,2023-04-09,Tablet,North,Customer_7,2,80512,56893.09
658,2023-11-17,Laptop,South,Customer_43,2,99836,68371.87
659,2023-02-23,Phone,West,Customer_42,1,49960,31512.32
660,2023-08-24,Tablet,North,Customer_6,1,8556,5438.18
661,2023-05-09,Keyboard,North,Customer_37,2,43900,29919.02
662,2023-08-19,Monitor,West,Customer_21,1,30526,22426.22
663,2023-10-01,Laptop,North,Customer_49,5,39910,29540.44
664,2023-02-07,Tablet,North,Customer_19,3,134253,82874.52
665,2023-08-13,Monitor,West,Customer_43,1,36063,22765.3
666,2023-04-23,Phone,West,Customer_35,3,139656,87817.8
667,2023-12-13,Tablet,North,Customer_36,5,71325,44552.95
668,2023-01-03,Keyboard,West,Customer_35,5,52890,34957.02
669,2023-06-26,Phone,West,Customer_42,5,71675,45312.28
670,2023-04-24,Keyboard,East,Customer_13,1,16885,12396.89
671,2023-10-18,Laptop,West,Customer_42,5,48965,32225.36
672,2023-02-04,Tablet,North,Customer_13,5,184640,145922.47
673,2023-07-02,Phone,South,Customer_7,3,136800,83989.97
674,2023-04-10,Tablet,West,Customer_29,3,136176,99665.1
675,2023-12-22,Keyboard,South,Customer_37,5,144435,109993.02
676,2023-08-08,Phone,North,Customer_21,2,39034,28980.4
677,2023-11-25,Monitor,East,Customer_24,2,99072,73966.62
678,2023-09-03,Monitor,West,Customer_23,3,110742,78663.85
679,2023-03-31,Keyboard,North,Customer_18,2,80596,51523.93
680,2023-11-17,Laptop,North,Customer_2,5,231970,140629.23
681,2023-10-25,Keyboard,West,Customer_50,5,94715,73997.11
682,2023-10-10,Tablet,West,Customer_42,2,57948,39317.7
683,2023-10-29,Tablet,South,Customer_30,5,192250,118831.8
684,2023-07-06,Keyboard,North,Customer_43,2,90482,66670.06
685,2023-09-21,Phone,West,Customer_11,2,84232,66521.58
686,2023-12-04,Phone,West,Customer_23,1,19340,14549.38
687,2023-04-29,Laptop,East,Customer_24,2,15610,11453.32
688,2023-09-23,Tablet,West,Customer_31,4,32172,19559.96
689,2023-11-29,Tablet,North,Customer_46,5,232605,178159.02
690,2023-05-15,Keyboard,South,Customer_25,4,115760,83061.94
691,2023-02-09,Keyboard,East,Customer_25,2,77680,52913.16
692,2023-06-26,Monitor,West,Customer_39,1,37888,29416.5
693,2023-08-14,Phone,South,Customer_5,5,235850,154755.78
694,2023-03-18,Phone,South,Customer_24,5,63770,46693.79
695,2023-08-01,Tablet,North,Customer_31,4,145572,93477.72
696,2023-03-24,Monitor,North,Customer_16,1,13381,9563.36
697,2023-03-24,Phone,North,Customer_37,2,17328,10973.27
698,2023-04-03,Keyboard,West,Customer_39,5,233935,141232.18
699,2023-12-05,Tablet,North,Customer_14,4,178996,142938.18
700,2023-09-04,Phone,South,Customer_27,5,71760,54460.33
701,2023-04-04,Keyboard,East,Customer_11,3,104154,74918.67
702,2023-02-05,Phone,West,Customer_25,2,24230,14618.26
703,2023-09-25,Keyboard,West,Customer_10,5,56555,35939.82
704,2023-11-11,Keyboard,North,Customer_35,5,63505,39286.61
705,2023-12-04,Phone,North,Customer_50,4,156848,107305.49
706,2023-01-23,Keyboard,West,Customer_15,4,119936,80369.54
707,2023-12-23,Keyboard,North,Customer_28,2,43360,30153.77
708,2023-04-30,Laptop,East,Customer_39,5,158905,103536.3
709,2023-01-03,Laptop,North,Customer_34,1,29577,21618.1
710,2023-12-19,Tablet,West,Customer_24,1,15143,10376.2
711,2023-10-27,Tablet,East,Customer_35,4,168024,113101.8
712,2023-05-22,Monitor,South,Customer_27,5,207700,144661.71
713,2023-07-09,Keyboard,West,Customer_17,3,128568,85995.44
714,2023-12-28,Monitor,South,Customer_43,1,20058,13826.36
715,2023-12-25,Phone,North,Customer_14,5,156255,118318.82
716,2023-10-09,Keyboard,North,Customer_11,4,186688,112210.34
717,2023-02-16,Phone,West,Customer_39,4,43104,26414.82
718,2023-04-24,Tablet,North,Customer_39,1,30187,23731.12
719,2023-07-25,Keyboard,East,Customer_46,5,43825,34584.2
720,2023-03-31,Monitor,West,Customer_1,2,96098,75547.61
721,2023-09-23,Tablet,South,Customer_3,5,192295,135214.68
722,2023-04-29,Keyboard,South,Customer_44,1,28575,18512.35
723,2023-01-01,Phone,North,Customer_18,4,112568,82617.3
724,2023-07-27,Keyboard,South,Customer_34,1,9496,7443.3
725,2023-10-09,Tablet,East,Customer_23,3,59490,42908.51
726,2023-04-10,Monitor,West,Customer_37,1,22111,14040.64
727,2023-09-17,Laptop,North,Customer_33,3,81840,64604.75
728,2023-09-20,Tablet,East,Customer_45,4,118848,84695.09
729,2023-05-05,Tablet,West,Customer_44,4,173832,134268.65
730,2023-09-04,Laptop,East,Customer_5,4,186108,141019.84
731,2023-04-23,Phone,East,Customer_27,3,116547,82413.92
732,2023-12-25,Tablet,South,Customer_19,1,31144,22882.73
733,2023-06-25,Laptop,South,Customer_31,3,84507,54398.27
734,2023-10-21,Tablet,South,Customer_48,2,75404,56358.64
735,2023-05-01,Phone,East,Customer_14,2,36576,28053.36
736,2023-11-13,Tablet,South,Customer_50,1,12856,10079.59
737,2023-12-13,Monitor,North,Customer_49,5,38845,29895.19
738,2023-07-10,Keyboard,East,Customer_32,5,115020,80302.49
739,2023-09-19,Tablet,West,Customer_15,5,67020,40937.8
740,2023-08-05,Monitor,North,Customer_33,3,92406,71344.83
741,2023-03-31,Monitor,North,Customer_45,5,175755,116548.46
742,2023-01-05,Laptop,South,Customer_25,5,58010,38581.71
743,2023-11-10,Tablet,South,Customer_36,3,61623,40294.15
744,2023-11-10,Tablet,East,Customer_12,4,131132,84200.71
745,2023-12-25,Tablet,East,Customer_26,3,103614,65896.21
746,2023-03-09,Keyboard,South,Customer_7,3,61359,43630.42
747,2023-07-15,Phone,South,Customer_48,2,71994,54797.06
748,2023-04-01,Monitor,West,Customer_9,5,199975,148803.81
749,2023-09-07,Tablet,East,Customer_36,5,40630,27615.41
750,2023-12-20,Phone,North,Customer_14,3,108690,83451.57
751,2023-02-19,Monitor,East,Customer_17,3,85839,61123.38
752,2023-05-12,Tablet,North,Customer_27,1,28009,21664.23
753,2023-11-07,Phone,South,Customer_50,3,84816,56404.17
754,2023-09-19,Monitor,West,Customer_6,4,180868,118885.39
755,2023-11-20,Phone,South,Customer_41,3,97932,71123.57
756,2023-10-20,Monitor,North,Customer_6,2,55038,35534.93
757,2023-06-12,Tablet,East,Customer_39,4,91104,70836.85
758,2023-07-05,Keyboard,West,Customer_27,2,34102,26287.27
759,2023-03-06,Phone,East,Customer_48,1,18800,11907.58
760,2023-02-22,Laptop,North,Customer_31,5,42635,25805.81
761,2023-07-23,Keyboard,North,Customer_7,3,136521,86152.24
762,2023-12-02,Monitor,East,Customer_15,2,47246,32535.11
763,2023-03-06,Phone,South,Customer_2,1,48486,32551.96
764,2023-06-16,Monitor,West,Customer_35,3,122847,84637.77
765,2023-12-24,Keyboard,South,Customer_38,5,174600,126796.18
766,2023-11-22,Keyboard,West,Customer_34,5,126465,98868.39
767,2023-09-04,Keyboard,South,Customer_6,4,100704,67789.57
768,2023-05-14,Phone,East,Customer_1,1,39296,29985.83
769,2023-03-11,Tablet,East,Customer_31,5,27725,20448.68
770,2023-09-09,Monitor,East,Customer_1,4,96784,69626.48
771,2023-01-04,Keyboard,East,Customer_13,4,166944,114760.86
772,2023-05-08,Phone,West,Customer_25,2,44468,27385.26
773,2023-11-17,Phone,East,Customer_19,5,113085,77189.65
774,2023-02-05,Phone,South,Customer_19,1,46739,32299.86
775,2023-08-20,Tablet,West,Customer_13,3,18813,11860.28
776,2023-10-01,Laptop,South,Customer_7,3,67923,42452.41
777,2023-08-13,Laptop,South,Customer_6,2,11930,8335.68
778,2023-06-25,Monitor,East,Customer_32,3,106164,78496.28
779,2023-01-17,Tablet,North,Customer_49,2,17344,11330.85
780,2023-07-20,Laptop,West,Customer_12,2,42778,32658.87
781,2023-01-07,Laptop,South,Customer_25,4,84792,63384.04
782,2023-01-18,Phone,West,Customer_48,1,39153,28707.04
783,2023-04-17,Monitor,West,Customer_44,3,78516,49600.31
784,2023-01-22,Keyboard,North,Customer_17,4,187384,123628.96
785,2023-07-04,Laptop,South,Customer_8,2,92956,63845.19
786,2023-01-08,Phone,East,Customer_38,1,30939,23446.46
787,2023-01-05,Laptop,West,Customer_45,5,75785,51100.29
788,2023-02-15,Phone,South,Customer_32,1,49954,36153.16
789,2023-11-17,Laptop,North,Customer_23,2,80300,60890.95
790,2023-03-06,Monitor,South,Customer_21,5,236235,177492.69
791,2023-08-13,Phone,North,Customer_45,4,113888,84832.87
792,2023-05-09,Laptop,West,Customer_46,4,166544,109742.99
793,2023-12-23,Monitor,South,Customer_37,2,81252,54400.89
794,2023-08-28,Tablet,South,Customer_5,5,75795,52289.22
795,2023-05-15,Keyboard,East,Customer_30,1,46813,32824.88
796,2023-04-05,Laptop,East,Customer_50,5,103245,68569.01
797,2023-02-02,Keyboard,West,Customer_13,5,248875,174090.51
798,2023-10-10,Phone,East,Customer_21,4,188008,124913.42
799,2023-02-19,Keyboard,North,Customer_3,2,33414,25885.78
800,2023-04-14,Laptop,West,Customer_13,1,7085,5060.12
801,2023-07-18,Monitor,East,Customer_4,3,58395,42113.93
802,2023-02-06,Laptop,South,Customer_42,4,40960,28410.34
803,2023-11-24,Laptop,East,Customer_36,4,116748,88594.21
804,2023-01-30,Keyboard,East,Customer_34,1,9612,7371.36
805,2023-02-09,Phone,North,Customer_7,2,79684,53951.34
806,2023-04-09,Keyboard,South,Customer_37,2,83192,62380.6
807,2023-08-01,Laptop,East,Customer_44,4,194388,133236.45
808,2023-02-23,Phone,South,Customer_36,4,152300,101660.64
809,2023-03-22,Keyboard,West,Customer_23,3,123150,98309.73
810,2023-06-16,Tablet,West,Customer_49,4,104788,75623.68
811,2023-10-16,Keyboard,South,Customer_25,5,108255,72747.55
812,2023-08-20,Monitor,West,Customer_1,1,23643,17002.92
813,2023-09-23,Phone,East,Customer_1,3,58623,37692.51
814,2023-06-11,Laptop,East,Customer_36,5,207295,148036.33
815,2023-10-20,Phone,North,Customer_3,4,113232,71474.46
816,2023-05-16,Tablet,South,Customer_15,3,74040,45784.93
817,2023-07-24,Keyboard,South,Customer_47,1,26279,19934.75
818,2023-03-30,Monitor,North,Customer_39,3,22347,16674.39
819,2023-10-23,Monitor,North,Customer_50,1,26914,18021.24
820,2023-08-11,Monitor,North,Customer_50,2,95560,73571.23
821,2023-01-06,Monitor,North,Customer_20,5,38490,25552.1
822,2023-10-17,Phone,East,Customer_33,2,30078,18350.71
823,2023-07-21,Monitor,North,Customer_15,4,95964,72671.01
824,2023-03-17,Phone,East,Customer_6,4,169796,127187.9
825,2023-10-08,Monitor,East,Customer_6,4,151548,104098.05
826,2023-12-24,Phone,South,Customer_31,5,89915,62722.21
827,2023-11-30,Keyboard,South,Customer_36,5,196785,127762.5
828,2023-02-06,Tablet,West,Customer_21,5,54355,33836.31
829,2023-07-31,Monitor,East,Customer_23,2,52038,34808.48
830,2023-12-02,Laptop,East,Customer_11,3,136152,104063.26
831,2023-08-15,Keyboard,South,Customer_29,1,20301,12991.36
832,2023-07-11,Phone,North,Customer_8,1,20928,16528.69
833,2023-03-17,Tablet,North,Customer_22,1,24996,17247.55
834,2023-01-12,Tablet,South,Customer_48,5,94425,60503.79
835,2023-09-25,Tablet,West,Customer_40,2,97590,58912.91
836,2023-10-26,Keyboard,North,Customer_17,2,17878,11742.32
837,2023-12-23,Keyboard,East,Customer_4,4,191640,151210.72
838,2023-02-04,Monitor,East,Customer_43,3,36210,21864.17
839,2023-11-29,Monitor,South,Customer_25,5,57635,44999.93
840,2023-09-06,Keyboard,North,Customer_12,2,75620,59993.75
841,2023-10-15,Laptop,North,Customer_16,5,124915,83282.57
842,2023-07-21,Phone,North,Customer_23,3,84870,61534.67
843,2023-05-01,Keyboard,East,Customer_4,3,91119,70897.91
844,2023-01-16,Keyboard,East,Customer_15,2,54798,42711.48
845,2023-12-03,Phone,North,Customer_47,4,156500,123966.96
846,2023-11-10,Phone,West,Customer_16,5,75050,51431.24
847,2023-06-09,Keyboard,East,Customer_29,5,68175,43724.14
848,2023-03-12,Keyboard,South,Customer_9,3,117984,92253.17
849,2023-08-09,Phone,South,Customer_21,1,41525,29341.25
850,2023-03-02,Phone,East,Customer_10,1,25885,20087.44
851,2023-07-31,Monitor,East,Customer_29,3,44874,33916.74
852,2023-02-24,Phone,South,Customer_2,5,227160,148420.1
853,2023-10-18,Keyboard,South,Customer_39,2,40266,29695.19
854,2023-07-03,Laptop,West,Customer_9,5,223150,154810.91
855,2023-11-29,Tablet,South,Customer_25,4,144216,90495.91
856,2023-04-09,Phone,North,Customer_27,1,22685,17922.05
857,2023-04-24,Phone,South,Customer_5,2,67576,52265.02
858,2023-09-08,Tablet,West,Customer_16,4,126132,95260.3
859,2023-11-08,Monitor,East,Customer_26,5,212410,152672.06
860,2023-09-26,Laptop,North,Customer_29,4,31116,24132.2
861,2023-05-06,Keyboard,West,Customer_48,1,41549,28148.6
862,2023-11-19,Laptop,South,Customer_19,4,124340,96597.2
863,2023-05-27,Monitor,South,Customer_28,3,135546,106241.84
864,2023-12-20,Keyboard,South,Customer_30,4,43708,32541.89
865,2023-02-27,Phone,South,Customer_26,4,104792,72325.05
866,2023-04-02,Monitor,South,Customer_30,1,21389,14219.73
867,2023-11-29,Phone,North,Customer_6,1,34451,25039.49
868,2023-02-13,Keyboard,West,Customer_47,5,225560,178181.3
869,2023-07-13,Keyboard,West,Customer_3,2,53934,38460.24
870,2023-12-04,Phone,South,Customer_10,2,16724,11437.82
871,2023-06-08,Monitor,East,Customer_41,2,25408,19810.83
872,2023-04-14,Laptop,East,Customer_1,4,150448,116007.78
873,2023-10-06,Laptop,West,Customer_16,2,87182,63807.99
874,2023-08-21,Monitor,West,Customer_6,5,221640,133275.37
875,2023-10-08,Tablet,South,Customer_4,2,29432,17983.33
876,2023-06-28,Laptop,South,Customer_3,5,222680,146899.39
877,2023-02-14,Laptop,North,Customer_27,2,31146,22874.19
878,2023-11-09,Keyboard,South,Customer_30,5,143025,112459.98
879,2023-02-17,Tablet,East,Customer_24,4,37736,28365.71
880,2023-10-09,Laptop,East,Customer_31,2,25992,19206.11
881,2023-05-21,Tablet,West,Customer_34,2,37400,27018.16
882,2023-02-25,Keyboard,North,Customer_31,5,119105,81635.84
883,2023-06-12,Tablet,East,Customer_9,5,209360,146401.13
884,2023-11-20,Monitor,West,Customer_12,5,101255,75102.6
885,2023-04-10,Laptop,North,Customer_2,4,183960,139689.38
886,2023-04-17,Keyboard,West,Customer_27,1,26875,18004.37
887,2023-11-23,Phone,North,Customer_41,2,46912,30534.25
888,2023-02-04,Tablet,East,Customer_33,5,131140,98801.73
889,2023-02-28,Tablet,East,Customer_26,5,226845,179666.36
890,2023-03-31,Phone,East,Customer_22,4,144384,109652.56
891,2023-11-27,Phone,West,Customer_10,4,160760,125261.9
892,2023-08-25,Monitor,North,Customer_34,3,126072,93922.74
893,2023-06-11,Keyboard,North,Customer_14,5,249620,166332.75
894,2023-07-01,Laptop,South,Customer_18,1,27226,21691.6
895,2023-11-17,Keyboard,South,Customer_37,5,152650,97310.68
896,2023-03-01,Tablet,East,Customer_46,1,22792,15561.78
897,2023-09-12,Phone,East,Customer_29,3,57492,40533.01
898,2023-03-31,Laptop,East,Customer_3,2,22136,15246.28
899,2023-01-13,Monitor,South,Customer_13,3,110052,82152.52
900,2023-09-26,Tablet,East,Customer_10,1,38826,28550.45
901,2023-03-09,Phone,North,Customer_30,4,156928,97792.38
902,2023-06-09,Laptop,North,Customer_22,4,32092,19916.96
903,2023-12-04,Tablet,North,Customer_37,3,140601,109447.63
904,2023-06-14,Phone,South,Customer_19,3,119649,79426.59
905,2023-08-14,Laptop,East,Customer_10,2,45866,28569.57
906,2023-11-15,Keyboard,North,Customer_14,5,139790,99233.17
907,2023-05-19,Phone,East,Customer_37,2,32448,19931.14
908,2023-11-10,Tablet,West,Customer_4,2,13800,9579.23
909,2023-12-12,Laptop,North,Customer_25,1,10643,7293.57
910,2023-04-02,Keyboard,West,Customer_40,3,76428,50936.7
911,2023-04-12,Keyboard,North,Customer_49,4,168840,105754.46
912,2023-12-24,Monitor,North,Customer_30,3,149571,109019.87
913,2023-08-27,Monitor,South,Customer_15,2,90862,59206.64
914,2023-07-06,Monitor,South,Customer_45,3,78849,54457.58
915,2023-01-16,Laptop,West,Customer_8,3,109104,75527.06
916,2023-03-29,Tablet,East,Customer_39,5,66740,46824.11
917,2023-07-27,Laptop,East,Customer_36,1,24799,17521.71
918,2023-07-25,Keyboard,West,Customer_16,5,104850,74400.49
919,2023-09-04,Monitor,North,Customer_22,2,87458,60016.28
920,2023-08-11,Keyboard,East,Customer_35,2,32686,23943.23
921,2023-02-09,Keyboard,West,Customer_8,5,220320,152589.6
922,2023-10-12,Laptop,West,Customer_12,3,94782,58188.71
923,2023-02-25,Keyboard,West,Customer_21,4,189080,138412.79
924,2023-02-16,Phone,South,Customer_38,1,14615,10700.76
925,2023-08-20,Keyboard,East,Customer_25,5,214375,147796.98
926,2023-04-16,Tablet,East,Customer_37,3,100470,74705.3
927,2023-06-26,Laptop,North,Customer_40,5,157445,121158.23
928,2023-05-31,Laptop,East,Customer_36,1,5055,3744.09
929,2023-07-03,Laptop,East,Customer_2,2,66584,49301.75
930,2023-07-21,Tablet,West,Customer_26,4,134080,95065.91
931,2023-12-06,Phone,West,Customer_9,2,82800,56048.89
932,2023-07-04,Monitor,South,Customer_19,2,27600,16624.05
933,2023-11-28,Laptop,South,Customer_47,4,192468,132292.31
934,2023-03-11,Laptop,South,Customer_42,4,139544,108665.21
935,2023-12-23,Keyboard,West,Customer_40,2,69558,48821.58
936,2023-10-10,Monitor,West,Customer_23,2,34352,23529.55
937,2023-01-04,Keyboard,West,Customer_47,2,75762,49536.99
938,2023-10-07,Keyboard,East,Customer_3,1,42234,29422.47
939,2023-07-08,Laptop,West,Customer_45,1,14311,10676.54
940,2023-09-27,Tablet,West,Customer_34,1,39298,30573.18
941,2023-02-15,Phone,West,Customer_41,1,49831,36214.06
942,2023-10-24,Tablet,North,Customer_22,5,28530,19793.37
943,2023-09-20,Monitor,East,Customer_27,3,72924,47972.45
944,2023-01-19,Keyboard,East,Customer_47,5,110340,67559.37
945,2023-08-31,Keyboard,South,Customer_37,1,48012,38317.08
946,2023-11-16,Laptop,East,Customer_32,1,13311,9332.6
947,2023-05-23,Tablet,South,Customer_40,3,69108,53321.78
948,2023-01-08,Laptop,South,Customer_38,2,96396,66448.72
949,2023-03-31,Tablet,South,Customer_32,2,79124,61115.61
950,2023-06-25,Laptop,South,Customer_39,2,75004,56294.42
951,2023-07-31,Monitor,South,Customer_43,4,187136,118542.54
952,2023-10-23,Tablet,North,Customer_42,3,37803,23078.91
953,2023-08-26,Monitor,West,Customer_20,4,159596,103215.88
954,2023-12-16,Monitor,West,Customer_17,2,79526,61557.54
955,2023-01-07,Tablet,West,Customer_25,3,119250,87836.6
956,2023-01-22,Laptop,East,Customer_28,5,238665,184170.89
957,2023-06-21,Tablet,East,Customer_7,3,143649,102972.68
958,2023-08-25,Phone,South,Customer_34,3,148242,109410.85
959,2023-04-03,Tablet,North,Customer_44,1,9453,5694.41
960,2023-02-20,Keyboard,North,Customer_44,4,112144,72207.64
961,2023-05-26,Tablet,South,Customer_3,1,45592,28193.56
962,2023-11-01,Phone,North,Customer_46,1,10661,8222.7
963,2023-03-08,Monitor,South,Customer_8,2,43204,28467.71
964,2023-12-05,Laptop,West,Customer_18,4,195000,147025.34
965,2023-06-15,Tablet,South,Customer_50,1,23172,17504.62
966,2023-07-15,Monitor,East,Customer_4,3,67035,42606.5
967,2023-02-05,Monitor,South,Customer_40,4,66776,48686.16
968,2023-02-25,Phone,West,Customer_14,5,235805,146493.84
969,2023-08-15,Tablet,North,Customer_3,1,9614,6866.98
970,2023-05-09,Monitor,North,Customer_32,2,95572,69582.82
971,2023-01-20,Monitor,East,Customer_10,3,91938,65729.06
972,2023-09-21,Monitor,West,Customer_28,4,38376,27171.2
973,2023-01-02,Monitor,West,Customer_8,5,200405,157720.43
974,2023-07-03,Tablet,East,Customer_26,1,46436,37121.09
975,2023-11-28,Laptop,East,Customer_35,3,30816,23673.97
976,2023-05-29,Phone,South,Customer_36,1,30176,22093.26
977,2023-06-03,Monitor,North,Customer_41,3,110649,68267.39
978,2023-11-20,Monitor,South,Customer_9,1,17654,10681.96
979,2023-10-31,Phone,West,Customer_25,1,40425,29456.95
980,2023-09-13,Keyboard,West,Customer_2,1,27235,16646.33
981,2023-01-22,Monitor,North,Customer_14,5,175195,138056.81
982,2023-10-02,Phone,South,Customer_5,1,14279,9963.59
983,2023-01-10,Monitor,North,Customer_16,2,11882,7538.53
984,2023-01-26,Tablet,North,Customer_30,5,80930,62079.01
985,2023-02-02,Laptop,North,Customer_32,5,226725,146036.86
986,2023-04-14,Monitor,East,Customer_48,4,104996,65534.35
987,2023-12-17,Keyboard,South,Customer_21,2,15974,11479.19
988,2023-06-21,Laptop,North,Customer_18,2,64414,40813.37
989,2023-07-09,Keyboard,South,Customer_29,2,86282,52471.52
990,2023-02-21,Keyboard,West,Customer_50,2,12048,9348.35
991,2023-02-11,Laptop,North,Customer_12,1,47713,34293.53
992,2023-05-26,Monitor,West,Customer_45,2,37020,23271.42
993,2023-05-19,Keyboard,West,Customer_27,2,32878,23741.45
994,2023-01-20,Keyboard,South,Customer_46,4,180444,142561.52
995,2023-11-18,Tablet,East,Customer_27,1,41550,26888.16
996,2023-03-02,Keyboard,North,Customer_40,3,121113,84961.76
997,2023-08-26,Phone,East,Customer_4,2,24768,18806.9
998,2023-12-17,Monitor,West,Customer_12,2,97836,76755.73
999,2023-01-28,Tablet,East,Customer_14,4,85896,57280.51
1000,2023-08-21,Laptop,North,Customer_48,1,40216,25544.3
